DROP DATABASE IF EXISTS K_Car_Navigator;
CREATE DATABASE K_Car_Navigator;
USE K_Car_Navigator;
DROP TABLE IF EXISTS faq;
DROP TABLE IF EXISTS category;
DROP TABLE IF EXISTS company;
DROP TABLE IF EXISTS vehicle_registration_status;
DROP TABLE IF EXISTS district;
DROP TABLE IF EXISTS region;
DROP TABLE IF EXISTS vehicle_type;

CREATE TABLE company (
    id INT AUTO_INCREMENT PRIMARY KEY  COMMENT '회사_id',
    name VARCHAR(255) NOT NULL COMMENT '회사명',
    created_at TIMESTAMP DEFAULT CURRENT_TIMESTAMP COMMENT '등록일'
) COMMENT='자동차 회사 테이블';

CREATE TABLE category (
    id INT AUTO_INCREMENT PRIMARY KEY COMMENT '카테고리_id',
    company_id INT NOT NULL  COMMENT '회사_id',
    name VARCHAR(255) NOT NULL  COMMENT '카테고리명',
    display_order INT DEFAULT 0  COMMENT '카테고리 순서',
    created_at TIMESTAMP DEFAULT CURRENT_TIMESTAMP  COMMENT '등록일',
    FOREIGN KEY (company_id) REFERENCES company(id)
) COMMENT='faq 카테고리 코드 테이블';

CREATE TABLE faq (
    id INT AUTO_INCREMENT PRIMARY KEY  COMMENT 'faq_id',
    company_id INT NOT NULL  COMMENT '회사_id',
    category_id INT DEFAULT NULL  COMMENT '카테고리_id',
    question TEXT NOT NULL  COMMENT '질문',
    answer TEXT NOT NULL  COMMENT '답변',
    created_at TIMESTAMP DEFAULT CURRENT_TIMESTAMP  COMMENT '등록일',
    FOREIGN KEY (company_id) REFERENCES company(id),
    FOREIGN KEY (category_id) REFERENCES category(id)
) COMMENT='FAQ 테이블';


CREATE TABLE vehicle_type (
    code CHAR(2) PRIMARY KEY COMMENT '차량 종류 코드 (01: 승용, 02: 승합, 03: 화물, 04: 특수)',
    name VARCHAR(20) NOT NULL COMMENT '차량 종류 명칭'
) COMMENT='차량 종류 코드 테이블';

CREATE TABLE region (
    code CHAR(2) PRIMARY KEY COMMENT '시도 코드',
    name VARCHAR(20) NOT NULL COMMENT '시도 명칭'
) COMMENT='시도(광역시/도) 코드 테이블';

CREATE TABLE district (
    code CHAR(4) PRIMARY KEY COMMENT '시군구 코드',
    region_code CHAR(2) NOT NULL COMMENT '상위 시도 코드',
    name VARCHAR(50) NOT NULL COMMENT '시군구 명칭',
    FOREIGN KEY (region_code) REFERENCES region(code)
) COMMENT='시군구 코드 테이블 (상위 시도 코드 포함)';

CREATE TABLE vehicle_registration_status
(
  pk                INT AUTO_INCREMENT PRIMARY KEY COMMENT '자동 증가 기본키',
  type              CHAR(2) NOT NULL COMMENT '차량 종류 코드 (FK: vehicle_type.code)',
  registration_date DATE NOT NULL COMMENT '등록일',
  vehicles          INT NOT NULL COMMENT '등록 차량 수',
  region            CHAR(2) NOT NULL COMMENT '시도 코드 (FK: region.code)',
  district          CHAR(2) NOT NULL COMMENT '시군구 코드 (FK: district.code)',
  FOREIGN KEY (type)     REFERENCES vehicle_type(code),
  FOREIGN KEY (region)   REFERENCES region(code),
  FOREIGN KEY (district) REFERENCES district(code)
) COMMENT='자동차 등록 현황 테이블';


-- TODO.. 파싱 or SQL 선택...
INSERT INTO vehicle_type VALUES
('01','승용'),
('02','승합'),
('03','화물'),
('04','특수');

INSERT INTO region (code, name) VALUES
('01', '서울'),
('02', '부산'),
('03', '대구'),
('04', '인천'),
('05', '광주'),
('06', '대전'),
('07', '울산'),
('08', '세종'),
('09', '경기'),
('10', '충북'),
('11', '충남'),
('12', '전남'),
('13', '경북'),
('14', '경남'),
('15', '제주'),
('16', '강원'),
('17', '전북');


-- 서울
INSERT INTO district (code, region_code, name) VALUES
('0101','01','강남구'),('0102','01','강동구'),('0103','01','강북구'),('0104','01','강서구'),
('0105','01','관악구'),('0106','01','광진구'),('0107','01','구로구'),('0108','01','금천구'),
('0109','01','노원구'),('0110','01','도봉구'),('0111','01','동대문구'),('0112','01','동작구'),
('0113','01','마포구'),('0114','01','서대문구'),('0115','01','서초구'),('0116','01','성동구'),
('0117','01','성북구'),('0118','01','송파구'),('0119','01','양천구'),('0120','01','영등포구'),
('0121','01','용산구'),('0122','01','은평구'),('0123','01','종로구'),('0124','01','중구'),
('0125','01','중랑구');

-- 부산
INSERT INTO district (code, region_code, name) VALUES
('0201','02','강서구'),('0202','02','금정구'),('0203','02','기장군'),('0204','02','남구'),
('0205','02','동구'),('0206','02','동래구'),('0207','02','부산진구'),('0208','02','북구'),
('0209','02','사상구'),('0210','02','사하구'),('0211','02','서구'),('0212','02','수영구'),
('0213','02','연제구'),('0214','02','영도구'),('0215','02','중구'),('0216','02','해운대구');

-- 대구
INSERT INTO district (code, region_code, name) VALUES
('0301','03','군위군'),('0302','03','남구'),('0303','03','달서구'),('0304','03','달성군'),
('0305','03','동구'),('0306','03','북구'),('0307','03','서구'),('0308','03','수성구'),
('0309','03','중구');

-- 인천
INSERT INTO district (code, region_code, name) VALUES
('0401','04','강화군'),('0402','04','계양구'),('0403','04','남동구'),('0404','04','동구'),
('0405','04','미추홀구'),('0406','04','부평구'),('0407','04','서구'),('0408','04','연수구'),
('0409','04','옹진군'),('0410','04','중구');

-- 광주
INSERT INTO district (code, region_code, name) VALUES
('0501','05','광산구'),('0502','05','남구'),('0503','05','동구'),('0504','05','북구'),
('0505','05','서구');

-- 대전
INSERT INTO district (code, region_code, name) VALUES
('0601','06','대덕구'),('0602','06','동구'),('0603','06','서구'),('0604','06','유성구'),
('0605','06','중구');

-- 울산
INSERT INTO district (code, region_code, name) VALUES
('0701','07','남구'),('0702','07','동구'),('0703','07','북구'),('0704','07','울주군'),
('0705','07','중구');

-- 세종
INSERT INTO district (code, region_code, name) VALUES
('0801','08','세종특별자치시');

-- 경기
INSERT INTO district (code, region_code, name) VALUES
('0901','09','가평군'),('0902','09','고양시 덕양구'),('0903','09','고양시 일산동구'),('0904','09','고양시 일산서구'),
('0905','09','과천시'),('0906','09','광명시'),('0907','09','광주시'),('0908','09','구리시'),
('0909','09','군포시'),('0910','09','김포시'),('0911','09','남양주시'),('0912','09','동두천시'),
('0913','09','부천시'),('0914','09','부천시 소사구'),('0915','09','부천시 오정구'),('0916','09','부천시 원미구'),
('0917','09','성남시 분당구'),('0918','09','성남시 수정구'),('0919','09','성남시 중원구'),
('0920','09','수원시 권선구'),('0921','09','수원시 영통구'),('0922','09','수원시 장안구'),('0923','09','수원시 팔달구'),
('0924','09','시흥시'),('0925','09','안산시 단원구'),('0926','09','안산시 상록구'),('0927','09','안성시'),
('0928','09','안양시 동안구'),('0929','09','안양시 만안구'),('0930','09','양주시'),('0931','09','양평군'),
('0932','09','여주시'),('0933','09','연천군'),('0934','09','오산시'),('0935','09','용인시 기흥구'),
('0936','09','용인시 수지구'),('0937','09','용인시 처인구'),('0938','09','의왕시'),('0939','09','의정부시'),
('0940','09','이천시'),('0941','09','파주시'),('0942','09','평택시'),('0943','09','포천시'),('0944','09','하남시'),
('0945','09','화성시'),('0946','09','화성시 동탄구'),('0947','09','화성시 만세구'),('0948','09','화성시 병점구'),
('0949','09','화성시 효행구');

-- 충북
INSERT INTO district (code, region_code, name) VALUES
('1001','10','괴산군'),('1002','10','단양군'),('1003','10','보은군'),('1004','10','영동군'),
('1005','10','옥천군'),('1006','10','음성군'),('1007','10','제천시'),('1008','10','증평군'),
('1009','10','진천군'),('1010','10','청원군'),('1011','10','청주시 상당구'),('1012','10','청주시 서원구'),
('1013','10','청주시 청원구'),('1014','10','청주시 흥덕구'),('1015','10','충주시');

-- 충남
INSERT INTO district (code, region_code, name) VALUES
('1101','11','계룡시'),('1102','11','공주시'),('1103','11','금산군'),('1104','11','논산시'),
('1105','11','당진시'),('1106','11','보령시'),('1107','11','부여군'),('1108','11','서산시'),
('1109','11','서천군'),('1110','11','아산시'),('1111','11','예산군'),('1112','11','천안시 동남구'),
('1113','11','천안시 서북구'),('1114','11','청양군'),('1115','11','태안군'),('1116','11','홍성군');

-- 전남
INSERT INTO district (code, region_code, name) VALUES
('1201','12','강진군'),('1202','12','고흥군'),('1203','12','곡성군'),('1204','12','광양시'),
('1205','12','구례군'),('1206','12','나주시'),('1207','12','담양군'),('1208','12','목포시'),
('1209','12','무안군'),('1210','12','보성군'),('1211','12','순천시'),('1212','12','신안군'),
('1213','12','여수시'),('1214','12','영광군'),('1215','12','영암군'),('1216','12','완도군'),
('1217','12','장성군'),('1218','12','장흥군'),('1219','12','진도군'),('1220','12','함평군'),
('1221','12','해남군'),('1222','12','화순군');

-- 경북
INSERT INTO district (code, region_code, name) VALUES
('1301','13','경산시'),('1302','13','경주시'),('1303','13','고령군'),('1304','13','구미시'),
('1305','13','군위군'),('1306','13','김천시'),('1307','13','문경시'),('1308','13','봉화군'),
('1309','13','상주시'),('1310','13','성주군'),('1311','13','안동시'),('1312','13','영덕군'),
('1313','13','영양군'),('1314','13','영주시'),('1315','13','영천시'),('1316','13','예천군'),
('1317','13','울릉군'),('1318','13','울진군'),('1319','13','의성군'),('1320','13','청도군'),
('1321','13','청송군'),('1322','13','칠곡군'),('1323','13','포항시 남구'),('1324','13','포항시 북구');

-- 경남
INSERT INTO district (code, region_code, name) VALUES
('1401','14','거제시'),('1402','14','거창군'),('1403','14','고성군'),('1404','14','김해시'),
('1405','14','남해군'),('1406','14','밀양시'),('1407','14','사천시'),('1408','14','산청군'),
('1409','14','양산시'),('1410','14','의령군'),('1411','14','진주시'),('1412','14','창녕군'),
('1413','14','창원시 마산합포구'),('1414','14','창원시 마산회원구'),('1415','14','창원시 성산구'),
('1416','14','창원시 의창구'),('1417','14','창원시 진해구'),('1418','14','통영시'),('1419','14','하동군'),
('1420','14','함안군'),('1421','14','함양군'),('1422','14','합천군');

-- 제주
INSERT INTO district (code, region_code, name) VALUES
('1501','15','서귀포시'),('1502','15','제주시');

-- 강원
INSERT INTO district (code, region_code, name) VALUES
('1601','16','강릉시'),('1602','16','고성군'),('1603','16','동해시'),('1604','16','삼척시'),
('1605','16','속초시'),('1606','16','양구군'),('1607','16','양양군'),('1608','16','영월군'),
('1609','16','원주시'),('1610','16','인제군'),('1611','16','정선군'),('1612','16','철원군'),
('1613','16','춘천시'),('1614','16','태백시'),('1615','16','평창군'),('1616','16','홍천군'),
('1617','16','화천군'),('1618','16','횡성군');

-- 전북
INSERT INTO district (code, region_code, name) VALUES
('1701','17','고창군'),('1702','17','군산시'),('1703','17','김제시'),('1704','17','남원시'),
('1705','17','무주군'),('1706','17','부안군'),('1707','17','순창군'),('1708','17','완주군'),
('1709','17','익산시'),('1710','17','임실군'),('1711','17','장수군'),('1712','17','전주시 덕진구'),
('1713','17','전주시 완산구'),('1714','17','정읍시'),('1715','17','진안군');

-- 테스트 데이터
INSERT INTO company (name) VALUES ('회사A');
INSERT INTO company (name) VALUES ('회사B');
INSERT INTO category (company_id, name, display_order) VALUES (2, '결제', 1);
INSERT INTO category (company_id, name, display_order) VALUES (2, '회원가입', 2);
INSERT INTO faq (company_id, question, answer) VALUES (1, '배송 언제 오나요?', '3~5일 걸립니다.');
INSERT INTO faq (company_id, question, answer) VALUES (1, '환불 가능할까요?', '7일 이내 가능합니다.');
INSERT INTO faq (company_id, category_id, question, answer) VALUES (2, 1, '결제 실패 시?', '카드사 문의');
INSERT INTO faq (company_id, category_id, question, answer) VALUES (2, 2, '회원가입 방법?', '홈페이지 회원가입');